<?xml version="1.0" encoding="UTF-8"?>
<beans xmlns:mvc="http://www.springframework.org/schema/mvc"
	xmlns:xsi="http://www.w3.org/2001/XMLSchema-instance" xmlns="http://www.springframework.org/schema/beans"
	xmlns:context="http://www.springframework.org/schema/context" xmlns:tx="http://www.springframework.org/schema/tx"
	xsi:schemaLocation="http://www.springframework.org/schema/mvc http://www.springframework.org/schema/mvc/spring-mvc.xsd
        http://www.springframework.org/schema/beans http://www.springframework.org/schema/beans/spring-beans.xsd
        http://www.springframework.org/schema/tx http://www.springframework.org/schema/tx/spring-tx.xsd
        http://www.springframework.org/schema/context http://www.springframework.org/schema/context/spring-context.xsd">

	<context:property-placeholder location="classpath:jdbc.properties" />

	<context:component-scan base-package="org.stackbox">
		<context:exclude-filter expression="org.springframework.stereotype.Controller"
			type="annotation" />
	</context:component-scan>

	<!--&lt;!&ndash; dashboard数据源配置 &ndash;&gt;-->
	<!--<bean id="dataSource" class="com.alibaba.druid.pool.DruidDataSource"-->
		<!--init-method="init" destroy-method="close">-->
		<!--&lt;!&ndash; 数据源驱动类可不写，Druid默认会自动根据URL识别DriverClass &ndash;&gt;-->
		<!--<property name="driverClassName" value="${mysql.jdbc.driverClassName}" />-->

		<!--&lt;!&ndash; 基本属性 url、user、password &ndash;&gt;-->
		<!--<property name="url" value="${mysql.jdbc.url}" />-->
		<!--<property name="username" value="${mysql.jdbc.username}" />-->
		<!--<property name="password" value="${mysql.jdbc.password}" />-->

		<!--&lt;!&ndash; 配置初始化大小、最小、最大 &ndash;&gt;-->
		<!--<property name="initialSize" value="${mysql.jdbc.pool.initialSize}" />-->
		<!--<property name="minIdle" value="${mysql.jdbc.pool.minIdle}" />-->
		<!--<property name="maxActive" value="${mysql.jdbc.pool.maxActive}" />-->

		<!--&lt;!&ndash; 配置获取连接等待超时的时间 &ndash;&gt;-->
		<!--<property name="maxWait" value="${mysql.jdbc.pool.maxWait}" />-->

		<!--&lt;!&ndash; 配置间隔多久才进行一次检测，检测需要关闭的空闲连接，单位是毫秒 &ndash;&gt;-->
		<!--<property name="timeBetweenEvictionRunsMillis"-->
			<!--value="${mysql.jdbc.pool.timeBetweenEvictionRunsMillis}" />-->

		<!--&lt;!&ndash; 配置一个连接在池中最小生存的时间，单位是毫秒 &ndash;&gt;-->
		<!--<property name="minEvictableIdleTimeMillis"-->
			<!--value="${mysql.jdbc.pool.minEvictableIdleTimeMillis}" />-->

		<!--<property name="validationQuery" value="SELECT 'x'" />-->
		<!--<property name="testWhileIdle" value="true" />-->
		<!--<property name="testOnBorrow" value="false" />-->
		<!--<property name="testOnReturn" value="false" />-->

		<!--&lt;!&ndash; 配置监控统计拦截的filters &ndash;&gt;-->
		<!--<property name="filters" value="stat" />-->
	<!--</bean>-->

	<!--&lt;!&ndash; 配置jdbcTempate bean &ndash;&gt;-->
	<!--<bean id="jdbcTemplate" class="org.springframework.jdbc.core.JdbcTemplate">-->
		<!--<property name="dataSource" ref="dataSource" />-->
	<!--</bean>-->


	<!--<bean id="transactionManagerMysql"-->
		<!--class="org.springframework.jdbc.datasource.DataSourceTransactionManager">-->
		<!--<property name="dataSource" ref="dataSource" />-->
		<!--<property name="nestedTransactionAllowed" value="true"></property>-->
	<!--</bean>-->

	<!--&lt;!&ndash; 全注解方式 需加上@Transactional &ndash;&gt;-->
	<!--<tx:annotation-driven transaction-manager="transactionManagerMysql" />-->
</beans>
