<?xml version="1.0" encoding="UTF-8"?>
<beans xmlns:mvc="http://www.springframework.org/schema/mvc"
    xmlns:xsi="http://www.w3.org/2001/XMLSchema-instance" xmlns="http://www.springframework.org/schema/beans"
    xmlns:context="http://www.springframework.org/schema/context"
    xmlns:tx="http://www.springframework.org/schema/tx"
    xsi:schemaLocation="http://www.springframework.org/schema/mvc http://www.springframework.org/schema/mvc/spring-mvc.xsd
        http://www.springframework.org/schema/beans http://www.springframework.org/schema/beans/spring-beans.xsd
        http://www.springframework.org/schema/tx http://www.springframework.org/schema/tx/spring-tx.xsd
        http://www.springframework.org/schema/context http://www.springframework.org/schema/context/spring-context.xsd">

    

    <context:component-scan base-package="org.stackbox"
        use-default-filters="false">
        <context:include-filter
            expression="org.springframework.stereotype.Controller" type="annotation" />
    </context:component-scan>

    <mvc:resources mapping="/assets/**" location="/assets/"></mvc:resources>

    <mvc:annotation-driven>

        <!-- 防止ie下访问json请求变成下载弹框 -->
        <mvc:message-converters
            register-defaults="true">
            <bean id="jsonConverter"
                class="org.springframework.http.converter.json.MappingJackson2HttpMessageConverter">
                <property name="prefixJson" value="false"/>
                <property name="supportedMediaTypes" value="text/html;charset=UTF-8" />
            </bean>
        </mvc:message-converters>
    </mvc:annotation-driven>


    <bean id="viewResolver"
        class="org.springframework.web.servlet.view.InternalResourceViewResolver">
        <property name="viewClass"
            value="org.springframework.web.servlet.view.JstlView" />
        <property name="prefix" value="/WEB-INF/jsp/" />
        <property name="suffix" value=".jsp" />
    </bean>

    <bean
        class="org.springframework.web.servlet.mvc.annotation.DefaultAnnotationHandlerMapping" />

    <bean
        class="org.springframework.web.servlet.mvc.support.ControllerClassNameHandlerMapping" />

    <bean
        class="org.springframework.web.servlet.mvc.annotation.AnnotationMethodHandlerAdapter" />    
</beans>
