{
  "generator-jhipster": {
    "baseName": "jhipster",
    "packageName": "com.mycompany.myapp",
    "packageFolder": "com/mycompany/myapp",
    "authenticationType": "session",
    "hibernateCache": "no",
    "clusteredHttpSession": "no",
    "websocket": "no",
    "databaseType": "sql",
    "devDatabaseType": "h2Memory",
    "prodDatabaseType": "mysql",
    "searchEngine": "no",
    "useCompass": false,
    "buildTool": "maven",
    "frontendBuilder": "grunt",
    "javaVersion": "8",
    "enableTranslation": false,
    "rememberMeKey": "4565e52ef91ea64d216a2ee44942356b9c303486"
  }
}