<?xml version="1.0" encoding="UTF-8"?>
<beans xmlns="http://www.springframework.org/schema/beans"
       xmlns:xsi="http://www.w3.org/2001/XMLSchema-instance"
       xmlns:mvc="http://www.springframework.org/schema/mvc"
       xmlns:context="http://www.springframework.org/schema/context"
       xsi:schemaLocation="http://www.springframework.org/schema/beans
         http://www.springframework.org/schema/beans/spring-beans-3.0.xsd
        http://www.springframework.org/schema/mvc
        http://www.springframework.org/schema/mvc/spring-mvc-3.0.xsd
        http://www.springframework.org/schema/context
        http://www.springframework.org/schema/context/spring-context-3.0.xsd">

    <context:component-scan
            base-package="com.dexcoder.demo.*"/>

    <!-- 视图解析器，根据视图的名称new ModelAndView(name)，在配置文件查找对应的bean配置 -->

    <bean class="org.springframework.web.servlet.view.ContentNegotiatingViewResolver">
        <property name="order" value="1"/>
        <property name="ignoreAcceptHeader" value="true"/>
        <property name="mediaTypes">
            <map>
                <entry key="json" value="application/json;charset=UTF-8"/>
                <entry key="xml" value="application/xml;charset=UTF-8"/>
                <entry key="rss" value="application/rss+xml;charset=UTF-8"/>
            </map>
        </property>

        <property name="defaultViews">
            <list>
            </list>
        </property>
    </bean>

    <bean id="velocityConfig" class="org.springframework.web.servlet.view.velocity.VelocityConfigurer">
        <property name="resourceLoaderPath" value="/WEB-INF"/>
        <property name="configLocation" value="classpath:velocity.properties"/>
    </bean>

    <bean id="viewResolver" class="org.springframework.web.servlet.view.velocity.VelocityViewResolver">
        <property name="order" value="2"/>
        <property name="suffix" value=".vm"/>
        <property name="prefix" value="/"/>
        <property name="exposeSpringMacroHelpers" value="true"/>
        <property name="requestContextAttribute" value="rc"/>
        <property name="contentType" value="text/html;charset=UTF-8"/>
        <!--<property name="toolboxConfigLocation" value="/WEB-INF/toolbox.xml"/>-->
    </bean>
</beans>